,Pressure,Temperature,Enthalpy,Depth,Massrate,Pola Aliran,Dryness,P2,P2_Homogen
0,8.02,170.5170677944252,2240.0,0,17.19,Mist,0.7418554723568804,8.06333078572325,8.055625360443962
1,8.06333078572325,170.74072860617002,2240.056035344902,3,17.19,Mist,0.7416794293475125,8.106413030006909,8.09876743551183
2,8.106413030006909,170.96216516483713,2240.111513439181,6,17.19,Mist,0.7415051904923993,8.149251179097337,8.141664380823501
3,8.149251179097337,171.18142538177096,2240.166452124416,9,17.19,Mist,0.7413327195359011,8.191849549456313,8.18432054183888
4,8.191849549456313,171.39855559964826,2240.220868476568,12,17.19,Mist,0.7411619813290967,8.234212333021258,8.22674013837067
5,8.234212333021258,171.61360066119175,2240.2747788470374,15,17.19,Mist,0.7409929417846467,8.276343602193611,8.26892726962808
6,8.276343602193611,171.82660397412354,2240.3281989010916,18,17.19,Mist,0.7408255678339587,8.318247314572368,8.310885919002342
7,8.318247314572368,172.0376075726092,2240.3811436538476,21,17.19,Mist,0.740659827386498,8.359927317448568,8.35261995861016
8,8.359927317448568,172.24665217541718,2240.433627504002,24,17.19,Mist,0.7404956892911307,8.401387352075352,8.394133153609847
9,8.401387352075352,172.45377724100172,2240.485664265464,27,17.19,Mist,0.7403331232993747,8.442631057727175,8.435429166303958
10,8.442631057727175,172.6590210197047,2240.5372671970476,30,17.19,Mist,0.7401721000304367,8.48366197556079,8.476511560041239
11,8.48366197556079,172.86242060326157,2240.5884490303583,33,17.19,Mist,0.7400125909379439,8.52448355228974,8.517383802929738
12,8.52448355228974,173.06401197176785,2240.6392219960026,36,17.19,Mist,0.7398545682782636,8.56509914368328,8.558049271372207
13,8.56509914368328,173.26383003827152,2240.6895978482394,39,17.19,Mist,0.7396980050803291,8.605512017899894,8.598511253434072
14,8.605512017899894,173.46190869113133,2240.739587888178,42,17.19,Mist,0.739542875116871,8.645725358664887,8.638772952053586
15,8.645725358664887,173.6582808342696,2240.7892029856243,45,17.19,Mist,0.7393891528769984,8.685742268300906,8.678837488103154
16,8.685742268300906,173.85297842545788,2240.8384535996665,48,17.19,Mist,0.7392368135400268,8.725565770619639,8.718707903310165
17,8.725565770619639,174.0460325127342,2240.8873497980826,51,17.19,Mist,0.7390858329505121,8.765198813682392,8.758387163045175
18,8.765198813682392,174.23747326907431,2240.935901275652,54,17.19,Mist,0.7389361875944063,8.804644272436787,8.797878158984723
19,8.804644272436787,174.42733002541104,2240.9841173714412,57,17.19,Mist,0.7387878545762754,8.843904951236286,8.837183711655648
20,8.843904951236286,174.6156313020922,2241.032007085127,60,17.19,Mist,0.738640811597542,8.882983586248887,8.876306572867263
21,8.882983586248887,174.8024048388794,2241.0795790924267,63,17.19,Mist,0.7384950369356622,8.921882847760894,8.915249428037413
22,8.921882847760894,174.9876776235488,2241.1268417596843,66,17.19,Mist,0.7383505094242299,8.960605342381307,8.954014898418036
23,8.960605342381307,175.17147591918928,2241.1738031576747,69,17.19,Mist,0.7382072084339276,8.999153615152034,8.992605543225451
24,8.999153615152034,175.3538252902606,2241.220471074665,72,17.19,Mist,0.7380651138542921,9.037530151568813,9.031023861680387
25,9.037530151568813,175.53475062747685,2241.266853028789,75,17.19,Mist,0.7379242060762612,9.07573737951742,9.069272294962328
26,9.07573737951742,175.7142761715885,2241.3129562797676,78,17.19,Mist,0.7377844659754438,9.113777671129482,9.107353228082593
27,9.113777671129482,175.89242553610876,2241.3587878400267,81,17.19,Mist,0.7376458748960942,9.151653344561934,9.145268991680222
28,9.151653344561934,176.06922172905178,2241.4043544852348,84,17.19,Mist,0.737508414635745,9.189366665703956,9.183021863744534
29,9.189366665703956,176.24468717372514,2241.449662764307,87,17.19,Mist,0.7373720674304695,9.226919849814943,9.220614071267999
30,9.226919849814943,176.41884372863058,2241.4947190089024,90,17.19,Mist,0.7372368159407472,9.264315063096925,9.258047791832837
31,9.264315063096925,176.59171270652047,2241.539529342442,93,17.19,Mist,0.7371026432378901,9.301554424204603,9.295325155134574
32,9.301554424204603,176.7633148926472,2241.584099688682,96,17.19,Mist,0.736969532791019,9.338640005696009,9.3324482444456
33,9.338640005696009,176.93367056225156,2241.6284357798604,99,17.19,Mist,0.736837468454551,9.375573835426625,9.36941909802158
34,9.375573835426625,177.10279949732478,2241.6725431644486,102,17.19,Mist,0.7367064344561808,9.412357897889638,9.406239710453459
35,9.412357897889638,177.27072100268236,2241.716427214525,105,17.19,Mist,0.7365764153853331,9.448994135504863,9.44291203396757
36,9.448994135504863,177.43745392138374,2241.7600931327934,108,17.19,Mist,0.7364473961820522,9.485484449858703,9.47943797967632
37,9.485484449858703,177.6030166495263,2241.803545959269,111,17.19,Mist,0.7363193621263309,9.521830702897432,9.51581941878168
38,9.521830702897432,177.76742715045066,2241.8467905776465,114,17.19,Mist,0.7361922988278338,9.558034718075914,9.552058183733687
39,9.558034718075914,177.9307029683755,2241.8898317213693,117,17.19,Mist,0.7360661922160177,9.594098281463786,9.588156069345967
40,9.594098281463786,178.09286124150242,2241.9326739794174,120,17.19,Mist,0.7359410285306134,9.630023142811018,9.624114833870237
41,9.630023142811018,178.25391871460266,2241.975321801827,123,17.19,Mist,0.7358167943124697,9.665811016574665,9.659936200031607
42,9.665811016574665,178.41389175111482,2242.017779504957,126,17.19,Mist,0.7356934763947348,9.701463582908525,9.695621856026428
43,9.701463582908525,178.572796344786,2242.060051276519,129,17.19,Mist,0.735571061894348,9.73698248861733,9.731173456484312
44,9.73698248861733,178.7306481308574,2242.102141180375,132,17.19,Mist,0.7354495382038583,9.772369348077012,9.766592623395919
45,9.772369348077012,178.88746239683132,2242.1440531611256,135,17.19,Mist,0.7353288929835333,9.80762574412252,9.801880947007959
46,9.80762574412252,179.04325409284013,2242.1857910484937,138,17.19,Mist,0.7352091141537329,9.842753228904565,9.837039986686838
47,9.842753228904565,179.1980378416132,2242.227358561512,141,17.19,Mist,0.7350901898875856,9.877753324716624,9.872071271752262
48,9.877753324716624,179.35182794809344,2242.26875931253,144,17.19,Mist,0.7349721086038925,9.912627524793447,9.9069763022821
49,9.912627524793447,179.5046384086828,2242.309996811047,147,17.19,Mist,0.7348548589603081,9.947377294082278,9.941756549889678
50,9.947377294082278,179.65648292016692,2242.351074467378,150,17.19,Mist,0.7347384298467284,9.982004069987902,9.976413458474665
51,9.982004069987902,179.80737488830653,2242.3919955961674,153,17.19,Mist,0.7346228103789345,10.016509263092606,10.010948444948642
52,10.016509263092606,179.95732743612416,2242.4327634197457,156,17.19,Mist,0.7345079898924375,10.050894257852097,10.045362899936396
53,10.050894257852097,180.1063534118964,2242.473381071354,159,17.19,Mist,0.734393957936537,10.085160413268312,10.07965818845391
54,10.085160413268312,180.2544653968614,2242.5138515982276,162,17.19,Mist,0.7342807042685849,10.119309063540108,10.113835650564003
55,10.119309063540108,180.40167571265573,2242.5541779645514,165,17.19,Mist,0.7341682188484389,10.153341518692658,10.147896602010519
56,10.153341518692658,180.5479964284965,2242.594363054297,168,17.19,Mist,0.7340564918330945,10.187259065186447,10.181842334831902
57,10.187259065186447,180.69343936810822,2242.6344096739413,171,17.19,Mist,0.7339455135715065,10.221062966506645,10.215674117954983
58,10.221062966506645,180.8380161164177,2242.674320555075,174,17.19,Mist,0.733835274599572,10.254754463733635,10.249393197769754
59,10.254754463733635,180.98173802601377,2242.714098356906,177,17.19,Mist,0.733725765635285,10.28833477609542,10.28300079868587
60,10.28833477609542,181.12461622339845,2242.7537456686614,180,17.19,Mist,0.7336169775740341,10.32180510150263,10.316498123671572
61,10.32180510150263,181.26666161501635,2242.7932650118946,183,17.19,Mist,0.733508901484071,10.355166617066766,10.349886354775725
62,10.355166617066766,181.40788489308972,2242.8326588427026,186,17.19,Mist,0.7334015286021109,10.388420479602342,10.383166653633607
63,10.388420479602342,181.5482965412586,2242.871929553854,189,17.19,Mist,0.7332948503290743,10.421567826113519,10.41634016195705
64,10.421567826113519,181.68790684003488,2242.911079476834,192,17.19,Mist,0.7331888582259677,10.45460977426583,10.44940800200955
65,10.45460977426583,181.8267258720772,2242.950110883812,195,17.19,Mist,0.7330835440098903,10.487547422843528,10.482371277066871
66,10.487547422843528,181.96476352729354,2242.9890259895324,198,17.19,Mist,0.7329788995501684,10.520381852193115,10.51523107186372
67,10.520381852193115,182.1020295077828,2243.0278269531323,201,17.19,Mist,0.7328749168646049,10.553114124653534,10.547988453026973
68,10.553114124653534,182.2385333326141,2243.0665158798915,204,17.19,Mist,0.7327715881158486,10.585745284973543,10.580644469495951
69,10.585745284973543,182.3742843424552,2243.105094822916,207,17.19,Mist,0.7326689056078729,10.618276360716695,10.613200152930249
70,10.618276360716695,182.50929170405487,2243.143565784757,210,17.19,Mist,0.7325668617825603,10.650708362654417,10.64565651810551
71,10.650708362654417,182.64356441458278,2243.181930718973,213,17.19,Mist,0.7324654492163959,10.683042285147568,10.678014563297618
72,10.683042285147568,182.77711130583566,2243.2201915316296,216,17.19,Mist,0.7323646606172495,10.71527910651693,10.71027527065572
73,10.71527910651693,182.90994104831157,2243.2583500827477,219,17.19,Mist,0.7322644888212663,10.747419789402985,10.742439606564444
74,10.747419789402985,183.04206215515984,2243.296408187697,222,17.19,Mist,0.7321649267898395,10.779465281115378,10.77450852199574
75,10.779465281115378,183.17348298600803,2243.33436761854,225,17.19,Mist,0.7320659676066779,10.81141651397242,10.806482952850645
76,10.81141651397242,183.30421175067352,2243.372230105325,228,17.19,Mist,0.7319676044749589,10.843274405630968,10.838363820291383
77,10.843274405630968,183.4342565127622,2243.409997337337,231,17.19,Mist,0.7318698307145639,10.875039859407032,10.870152031064087
78,10.875039859407032,183.56362519316122,2243.447670964299,234,17.19,Mist,0.7317726397593903,10.906713764587401,10.901848477812505
79,10.906713764587401,183.6923255734219,2243.4852525975357,237,17.19,Mist,0.7316760251547484,10.938296996732616,10.933454039382946
80,10.938296996732616,183.82036529905093,2243.5227438110915,240,17.19,Mist,0.7315799805548215,10.969790417971575,10.964969581120812
81,10.969790417971575,183.94775188269227,2243.5601461428128,243,17.19,Mist,0.7314844997202175,11.001194877288045,10.996395955158983
82,11.001194877288045,184.07449270723004,2243.5974610953913,246,17.19,Mist,0.7313895765155614,11.032511210799356,11.0277340006983
83,11.032511210799356,184.20059502878678,2243.634690137371,249,17.19,Mist,0.7312952049071855,11.063740242027544,11.058984544280461
84,11.063740242027544,184.32606597964593,2243.671834704121,252,17.19,Mist,0.7312013789608617,11.094882782163177,11.090148400053522
85,11.094882782163177,184.45091257108186,2243.708896198775,255,17.19,Mist,0.731108092839612,11.125939630322119,11.121226370030294
86,11.125939630322119,184.57514169611693,2243.745875993139,258,17.19,Mist,0.731015340801565,11.156911573795442,11.152219244339857
87,11.156911573795442,184.6987601321913,2243.782775428568,261,17.19,Mist,0.7309231171978858,11.18779938829274,11.183127801472372
88,11.18779938829274,184.82177454376318,2243.8195958168126,264,17.19,Mist,0.7308314164707538,11.218603838179025,11.213952808517476
89,11.218603838179025,184.9441914848341,2243.856338440839,267,17.19,Mist,0.7307402331513977,11.249325676705425,11.24469502139642
90,11.249325676705425,185.06601740140457,2243.893004555621,270,17.19,Mist,0.7306495618581819,11.279965646233885,11.275355185088154
91,11.279965646233885,185.18725863385725,2243.929595388904,273,17.19,Mist,0.7305593972947484,11.310524478456058,11.305934033849557
92,11.310524478456058,185.30792141928168,2243.966112141949,276,17.19,Mist,0.7304697342482035,11.341002894606556,11.336432291430015
93,11.341002894606556,185.4280118937255,2244.0025559902447,279,17.19,Mist,0.7303805675873584,11.371401605670762,11.366850671280476
94,11.371401605670762,185.54753609439342,2244.0389280842037,282,17.19,Mist,0.7302918922610098,11.40172131258735,11.397189876757219
95,11.40172131258735,185.6664999617808,2244.0752295498323,285,17.19,Mist,0.7302037032962693,11.431962706445686,11.42745060132043
96,11.431962706445686,185.7849093417501,2244.1114614893795,288,17.19,Mist,0.7301159957969374,11.462126468678273,11.457633528727806
97,11.462126468678273,185.90276998755263,2244.147624981966,291,17.19,Mist,0.7300287649419209,11.492213271248376,11.487739333223303
98,11.492213271248376,186.02008756179617,2244.183721084192,294,17.19,Mist,0.7299420059836818,11.522223776832993,11.517768679721188
99,11.522223776832993,186.13686763836063,2244.2197508307263,297,17.19,Mist,0.7298557142467397,11.552158639001295,11.547722223985538
100,11.552158639001295,186.25311570426123,2244.255715234879,300,17.19,Mist,0.729769885126202,11.582018502388681,11.577600612805318
101,11.582018502388681,186.3688371614628,2244.2916152891517,303,17.19,Mist,0.729684514086341,11.611804002866585,11.607404484165173
102,11.611804002866585,186.48403732864938,2244.3274519657753,306,17.19,Mist,0.7295995966591942,11.641515767708135,11.637134467412066
103,11.641515767708135,186.59872144294684,2244.3632262172287,309,17.19,Mist,0.7295151284432115,11.671154415749829,11.666791183417876
104,11.671154415749829,186.71289466159487,2244.3989389767407,312,17.19,Mist,0.7294311051019347,11.700720557549303,11.696375244738086
105,11.700720557549303,186.82656206358786,2244.43459115878,315,17.19,Mist,0.7293475223627003,11.730214795539334,11.725887255766656
106,11.730214795539334,186.9397286512616,2244.4701836595273,318,17.19,Mist,0.729264376015387,11.759637724178173,11.755327812887232
107,11.759637724178173,187.0523993518462,2244.5057173573327,321,17.19,Mist,0.7291816619111904,11.78898993009632,11.784697504620736
108,11.78898993009632,187.16457901898013,2244.541193113162,324,17.19,Mist,0.7290993759614179,11.818271992239847,11.813996911769513
109,11.818271992239847,187.2762724341822,2244.5766117710286,327,17.19,Mist,0.7290175141363279,11.847484482010353,11.84322660755806
110,11.847484482010353,187.3874843082886,2244.6119741584102,330,17.19,Mist,0.7289360724639904,11.87662796340167,11.872387157770515
111,11.87662796340167,187.49821928285536,2244.6472810866567,333,17.19,Mist,0.7288550470291729,11.905702993133392,11.901479120884908
112,11.905702993133392,187.60848193152322,2244.6825333513843,336,17.19,Mist,0.7287744339722562,11.934710120781324,11.930503048204347
113,11.934710120781324,187.7182767613516,2244.7177317328574,339,17.19,Mist,0.7286942294881756,11.963649888904937,11.959459483985182
114,11.963649888904937,187.827608214117,2244.7528769963606,342,17.19,Mist,0.7286144298253895,11.992522833171924,11.988348965562222
115,11.992522833171924,187.93648066758328,2244.7879698925594,345,17.19,Mist,0.7285350312848653,12.021329482479906,12.017172023471137
116,12.021329482479906,188.0448984367365,2244.823011157851,348,17.19,Mist,0.7284560302190983,12.050070359075416,12.045929181568052
117,12.050070359075416,188.15286577499393,2244.858001514703,351,17.19,Mist,0.7283774230311497,12.078745978670177,12.074620957146495
118,12.078745978670177,188.26038687537982,2244.892941671985,354,17.19,Mist,0.7282992061737041,12.107356850554801,12.103247861051678
119,12.107356850554801,188.36746587167812,2244.9278323252906,357,17.19,Mist,0.7282213761481556,12.135903477709947,12.131810397792261
120,12.135903477709947,188.47410683955565,2244.962674157246,360,17.19,Mist,0.7281439295037034,12.164386356915019,12.160309065649642
121,12.164386356915019,188.58031379765225,2244.997467837817,363,17.19,Mist,0.7280668628364897,12.192805978854466,12.1887443567848
122,12.192805978854466,188.6860907086578,2245.032214024601,366,17.19,Mist,0.7279901727887295,12.221162828221754,12.217116757342838
123,12.221162828221754,188.79144148035118,2245.066913363115,369,17.19,Mist,0.7279138560478855,12.249457383821067,12.245426747555204
124,12.249457383821067,188.89636996662642,2245.101566487072,372,17.19,Mist,0.7278379093458408,12.277690118666795,12.273674801839709
125,12.277690118666795,189.00087996848418,2245.1361740186544,375,17.19,Mist,0.7277623294581096,12.305861500080878,12.30186138889838
126,12.305861500080878,189.1049752350072,2245.1707365687753,378,17.19,Mist,0.727687113203053,12.33397198978805,12.329986971813195
127,12.33397198978805,189.2086594643128,2245.205254737335,381,17.19,Mist,0.7276122574411111,12.362022044009045,12.358052008139772
128,12.362022044009045,189.31193630447848,2245.23972911347,384,17.19,Mist,0.7275377590740673,12.39001211355182,12.386056949999062
129,12.39001211355182,189.41480935445531,2245.2741602757956,387,17.19,Mist,0.7274636150443049,12.417942643900846,12.414002244167095
130,12.417942643900846,189.5172821649503,2245.3085487926414,390,17.19,Mist,0.7273898223341061,12.445814075304495,12.441888332162828
131,12.445814075304495,189.6193582392952,2245.3428952222807,393,17.19,Mist,0.727316377964949,12.473626842860622,12.469715650334136
132,12.473626842860622,189.72104103429677,2245.377200113154,396,17.19,Mist,0.7272432789968221,12.501381376600326,12.497484629942024
133,12.501381376600326,189.82233396106028,2245.4114640040852,399,17.19,Mist,0.727170522527565,12.529078101569999,12.525195697243063
134,12.529078101569999,189.92324038580728,2245.445687424495,402,17.19,Mist,0.7270981056922029,12.55671743791164,12.552849273570136
135,12.55671743791164,190.02376363065798,2245.479870894606,405,17.19,Mist,0.727026025662324,12.584299800941546,12.580445775411492
136,12.584299800941546,190.1239069744181,2245.5140149256413,408,17.19,Mist,0.7269542796454342,12.611825601227363,12.607985614488209
137,12.611825601227363,190.22367365332354,2245.548120020023,411,17.19,Mist,0.7268828648843669,12.639295244663579,12.635469197830036
138,12.639295244663579,190.32306686179095,2245.5821866715596,414,17.19,Mist,0.7268117786566678,12.666709132545467,12.662896927849717
139,12.666709132545467,190.42208975314088,2245.616215365634,417,17.19,Mist,0.7267410182740134,12.694067661641546,12.690269202415802
140,12.694067661641546,190.52074544030256,2245.650206579381,420,17.19,Mist,0.7266705810816415,12.721371224264567,12.717586414923977
141,12.721371224264567,190.61903699651305,2245.6841607818656,423,17.19,Mist,0.7266004644577845,12.748620208341086,12.744848954366985
142,12.748620208341086,190.71696745599252,2245.7180784342518,426,17.19,Mist,0.7265306658131234,12.775814997479634,12.772057205403117
143,12.775814997479634,190.81453981461038,2245.7519599899724,429,17.19,Mist,0.726461182590246,12.802955971037546,12.799211548423369
144,12.802955971037546,190.9117570305351,2245.7858058948896,432,17.19,Mist,0.7263920122631219,12.830043504186458,12.82631235961725
145,12.830043504186458,191.00862202487002,2245.8196165874538,435,17.19,Mist,0.7263231523365856,12.857077967976508,12.853360011037298
146,12.857077967976508,191.10513768227696,2245.853392498859,438,17.19,Mist,0.726254600345832,12.88405972939929,12.880354870662325
147,12.88405972939929,191.2013068515871,2245.887134053194,441,17.19,Mist,0.7261863538559158,12.910989151449563,12.907297302459428
148,12.910989151449563,191.2971323463933,2245.920841667587,444,17.19,Mist,0.7261184104612786,12.937866593185772,12.934187666444783
149,12.937866593185772,191.39261694564067,2245.9545157523503,447,17.19,Mist,0.7260507677852578,12.964692409789388,12.961026318743285
150,12.964692409789388,191.48776339419578,2245.9881567111215,450,17.19,Mist,0.7259834234796326,12.991466952623103,12.987813611646995
151,12.991466952623103,191.58257440340583,2246.021764940998,453,17.19,Mist,0.7259163752241664,13.018190569287915,13.014549893672507
152,13.018190569287915,191.67705265165205,2246.055340832669,456,17.19,Mist,0.7258496207261526,13.044863603679113,13.041235509617183
153,13.044863603679113,191.77120078488338,2246.0888847705487,459,17.19,Mist,0.7257831577199835,13.071486396041198,13.067870800614335
154,13.071486396041198,191.86502141714425,2246.1223971328996,462,17.19,Mist,0.7257169839667191,13.098059283021765,13.094456104187351
155,13.098059283021765,191.95851713109062,2246.1558782919574,465,17.19,Mist,0.7256510972536687,13.12458259772436,13.12099175430281
156,13.12458259772436,192.05169047849705,2246.189328614051,468,17.19,Mist,0.7255854953939699,13.151056669760358,13.147478081422566
157,13.151056669760358,192.14454398075048,2246.222748459721,471,17.19,Mist,0.7255201762261931,13.177481825299846,13.173915412554901
158,13.177481825299846,192.23708012933503,2246.2561381838336,474,17.19,Mist,0.7254551376139422,13.203858387121585,13.200304071304684
159,13.203858387121585,192.32930138630888,2246.289498135693,477,17.19,Mist,0.7253903774454653,13.230186674662013,13.226644377922618
160,13.230186674662013,192.4212101847702,2246.322828659151,480,17.19,Mist,0.7253258936332739,13.256467004063374,13.252936649353561
161,13.256467004063374,192.51280892931436,2246.3561300927136,483,17.19,Mist,0.7252616841137677,13.282699688220935,13.279181199283984
162,13.282699688220935,192.60409999648044,2246.389402769645,486,17.19,Mist,0.7251977468468717,13.308885036829345,13.30537833818852
163,13.308885036829345,192.6950857351922,2246.42264701807,489,17.19,Mist,0.7251340798156719,13.335023356428154,13.33152837337568
164,13.335023356428154,192.78576846718795,2246.455863161074,492,17.19,Mist,0.7250706810260656,13.361114950446492,13.357631609032751
165,13.361114950446492,192.87615048744033,2246.4890515167976,495,17.19,Mist,0.7250075485064181,13.387160119246948,13.38368834626985
166,13.387160119246948,192.96623406457348,2246.5222123985354,498,17.19,Mist,0.7249446803072165,13.413159160168652,13.409698883163205
167,13.413159160168652,193.05602144126794,2246.555346114826,501,17.19,Mist,0.7248820745007424,13.439112367569578,13.435663514797644
168,13.439112367569578,193.14551483465743,2246.5884529695427,504,17.19,Mist,0.7248197291807422,13.465020032868102,13.46158253330833
169,13.465020032868102,193.2347164367195,2246.621533261983,507,17.19,Mist,0.7247576424621098,13.490882444583805,13.487456227921747
170,13.490882444583805,193.32362841466022,2246.6545872869556,510,17.19,Mist,0.7246958124805684,13.516699888377564,13.513284884995958
171,13.516699888377564,193.4122529112866,2246.6876153348626,513,17.19,Mist,0.7246342373923639,13.54247264709092,13.53906878806015
172,13.54247264709092,193.50059204537774,2246.7206176917844,516,17.19,Mist,0.7245729153739637,13.56820100078476,13.564808217853484
173,13.56820100078476,193.58864791204383,2246.753594639559,519,17.19,Mist,0.7245118446217562,13.59388522677733,13.590503452363256
174,13.59388522677733,193.67642258308456,2246.7865464558627,522,17.19,Mist,0.7244510233517583,13.61952559968155,13.616154766862397
175,13.61952559968155,193.76391810733372,2246.8194734142853,525,17.19,Mist,0.724390449799332,13.645122391441724,13.641762433946313
176,13.645122391441724,193.85113651100033,2246.852375784407,528,17.19,Mist,0.7243301222189046,13.670675871369577,13.667326723569095
177,13.670675871369577,193.93807979800619,2246.8852538318706,531,17.19,Mist,0.7242700388836874,13.696186306179683,13.692847903079082
178,13.696186306179683,194.02474995031434,2246.9181078184556,534,17.19,Mist,0.7242101980854058,13.721653960024284,13.71832623725384
179,13.721653960024284,194.11114892824975,2246.9509380021477,537,17.19,Mist,0.7241505981340383,13.747079094527507,13.743761988334514
180,13.747079094527507,194.19727867081792,2246.983744637208,540,17.19,Mist,0.7240912373575489,13.772461968819004,13.769155416059602
181,13.772461968819004,194.28314109601627,2247.01652797424,543,17.19,Mist,0.7240321141016334,13.797802839567005,13.794506777698173
182,13.797802839567005,194.36873810113912,2247.0492882602566,546,17.19,Mist,0.723973226729464,13.823101961010828,13.819816328082473
183,13.823101961010828,194.454071563075,2247.082025738744,549,17.19,Mist,0.7239145736214492,13.848359584992824,13.845084319640037
184,13.848359584992824,194.53914333860456,2247.1147406497253,552,17.19,Mist,0.7238561531749841,13.873575960989797,13.870311002425217
185,13.873575960989797,194.62395526468873,2247.147433229821,555,17.19,Mist,0.7237979638042097,13.898751336143885,13.8954966241502
186,13.898751336143885,194.70850915875081,2247.1801037123128,558,17.19,Mist,0.7237400039397854,13.923885955292937,13.920641430215502
187,13.923885955292937,194.7928068189567,2247.2127523271984,561,17.19,Mist,0.7236822720286535,13.948980061000372,13.94574566373996
188,13.948980061000372,194.87685002448774,2247.2453793012533,564,17.19,Mist,0.723624766533814,13.974033893584556,13.970809565590214
189,13.974033893584556,194.96064053581108,2247.2779848580853,567,17.19,Mist,0.7235674859341007,13.999047691147682,13.995833374409717
190,13.999047691147682,195.04418009494282,2247.310569218191,570,17.19,Mist,0.723510428723963,14.024021689604181,14.020817326647249
191,14.024021689604181,195.12747042570612,2247.34313259901,573,17.19,Mist,0.7234535934132535,14.048956122708665,14.04576165658498
192,14.048956122708665,195.21051323398729,2247.375675214977,576,17.19,Mist,0.7233969785270151,14.07385122208341,14.070666596366072
193,14.07385122208341,195.29331020798827,2247.408197277576,579,17.19,Mist,0.7233405826052683,14.098707217245403,14.095532376021806
194,14.098707217245403,195.37586301846835,2247.44069899539,582,17.19,Mist,0.7232844042028169,14.123524335632933,14.120359223498305
195,14.123524335632933,195.4581733189882,2247.473180574151,585,17.19,Mist,0.7232284418890415,14.148302802631765,14.145147364682806
196,14.148302802631765,195.54024274614812,2247.505642216788,588,17.19,Mist,0.7231726942477006,14.17304284160089,14.169897023429503
197,14.17304284160089,195.6220729198202,2247.538084123478,591,17.19,Mist,0.7231171598767403,14.197744673897853,14.194608421584983
198,14.197744673897853,195.70366544337776,2247.5705064916892,594,17.19,Mist,0.7230618373881038,14.222408518903695,14.219281779013262
199,14.222408518903695,195.78502190392095,2247.60290951623,597,17.19,Mist,0.7230067254075434,14.24703459404747,14.243917313620402
200,14.24703459404747,195.8661438724984,2247.6352933892913,600,17.19,Mist,0.722951822574434,14.271623114830401,14.268515241378756
201,14.271623114830401,195.9470329043245,2247.6676583004933,603,17.19,Mist,0.7228971275415964,14.296174294849633,14.293075776350816
202,14.296174294849633,196.02769053899465,2247.700004436927,606,17.19,Mist,0.722842638975115,14.32068834582162,14.31759913071269
203,14.32068834582162,196.10811830069497,2247.7323319831967,609,17.19,Mist,0.722788355554164,14.345165477605144,14.342085514777214
204,14.345165477605144,196.18831769840813,2247.7646411214623,612,17.19,Mist,0.7227342759708374,14.369605898223973,14.366535137016685
205,14.369605898223973,196.26829022611872,2247.7969320314787,615,17.19,Mist,0.7226803989299773,14.394009813889165,14.390948204085266
206,14.394009813889165,196.34803736301262,2247.8292048906374,618,17.19,Mist,0.7226267231490059,14.418377429021023,14.415324920841014
207,14.418377429021023,196.42756057367302,2247.8614598740032,621,17.19,Mist,0.7225732473577641,14.442708946270717,14.439665490367592
208,14.442708946270717,196.50686130827256,2247.8936971543553,624,17.19,Mist,0.7225199702983532,14.467004566541558,14.463970113995614
209,14.467004566541558,196.5859410027681,2247.9259169022225,627,17.19,Mist,0.7224668907249678,14.491264489009964,14.4882389913237
210,14.491264489009964,196.66480107908257,2247.9581192859205,630,17.19,Mist,0.7224140074037467,14.515488911146086,14.512472320239175
211,14.515488911146086,196.7434429452921,2247.990304471589,633,17.19,Mist,0.7223613191126175,14.539678028734128,14.53667029693846
212,14.539678028734128,196.82186799580472,2248.022472623226,636,17.19,Mist,0.7223088246411463,14.563832035892357,14.560833115947176
213,14.563832035892357,196.90007761154038,2248.0546239027226,639,17.19,Mist,0.7222565227903881,14.587951125092806,14.584960970139896
214,14.587951125092806,196.97807316010568,2248.0867584698976,642,17.19,Mist,0.7222044123727376,14.612035487180682,14.60905405075964
215,14.612035487180682,197.0558559959643,2248.11887648253,645,17.19,Mist,0.7221524922117938,14.636085311393481,14.63311254743706
216,14.636085311393481,197.13342746060795,2248.1509780963925,648,17.19,Mist,0.7221007611422089,14.66010078537981,14.657136648209326
217,14.66010078537981,197.21078888272257,2248.1830634652824,651,17.19,Mist,0.7220492180095562,14.684082095217937,14.681126539538749
218,14.684082095217937,197.2879415783545,2248.2151327410547,654,17.19,Mist,0.7219978616701848,14.70802942543405,14.705082406331108
219,14.70802942543405,197.3648868510664,2248.2471860736514,657,17.19,Mist,0.7219466909910962,14.731942959020264,14.729004431953717
220,14.731942959020264,197.4416259921013,2248.2792236111322,660,17.19,Mist,0.7218957048498013,14.755822877452339,14.75289279825321
221,14.755822877452339,197.518160280536,2248.311245499705,663,17.19,Mist,0.7218449021341954,14.779669360707151,14.776747685573085
222,14.779669360707151,197.5944909834384,2248.3432518837535,666,17.19,Mist,0.7217942817424213,14.803482587279904,14.800569272770959
223,14.803482587279904,197.67061935601254,2248.3752429058673,669,17.19,Mist,0.7217438425827564,14.827262734201074,14.824357737235596
224,14.827262734201074,197.74654664175347,2248.407218706868,672,17.19,Mist,0.7216935835734752,14.851009977053135,14.84811325490367
225,14.851009977053135,197.82227407259057,2248.43917942584,675,17.19,Mist,0.7216435036427332,14.874724489987004,14.871836000276291
226,14.874724489987004,197.89780286903385,2248.4711252001534,678,17.19,Mist,0.721593601728442,14.898406445738281,14.895526146435285
227,14.898406445738281,197.97313424031313,2248.5030561654935,681,17.19,Mist,0.7215438767781551,14.922056015643227,14.919183865059246
228,14.922056015643227,198.04826938452197,2248.5349724558855,684,17.19,Mist,0.7214943277489445,14.945673369654527,14.942809326439336
229,14.945673369654527,198.12320948875094,2248.56687420372,687,17.19,Mist,0.7214449536072909,14.96925867635682,14.966402699494889
230,14.96925867635682,198.1979557292264,2248.598761539779,690,17.19,Mist,0.7213957533289655,14.992812102982006,14.989964151788756
231,14.992812102982006,198.27250927144217,2248.6306345932585,693,17.19,Mist,0.7213467258989212,15.016333815424337,15.013493849542465
232,15.016333815424337,198.34687127029173,2248.662493491795,696,17.19,Mist,0.7212978703111804,15.039823978255288,15.036991957651127
233,15.039823978255288,198.4210428701977,2248.6943383614876,699,17.19,Mist,0.7212491855687257,15.063282754738218,15.060458639698162
234,15.063282754738218,198.49502520523663,2248.7261693269215,702,17.19,Mist,0.7212006706833978,15.086710306842823,15.083894057969799
235,15.086710306842823,198.5688193992695,2248.757986511191,705,17.19,Mist,0.7211523246757816,15.110106795259393,15.107298373469375
236,15.110106795259393,198.64242656606012,2248.789790035923,708,17.19,Mist,0.7211041465751111,15.133472379412847,15.130671745931435
237,15.133472379412847,198.7158478094001,2248.821580021296,711,17.19,Mist,0.7210561354191592,15.156807217476597,15.154014333835628
238,15.156807217476597,198.78908422322735,2248.8533565860657,714,17.19,Mist,0.7210082902541438,15.1801114663862,15.177326294420409
239,15.1801114663862,198.86213689174372,2248.8851198475827,717,17.19,Mist,0.7209606101346239,15.203385281852821,15.200607783696558
240,15.203385281852821,198.93500688953196,2248.916869921815,720,17.19,Mist,0.7209130941234049,15.226628818376518,15.223858956460504
241,15.226628818376518,199.00769528166995,2248.9486069233685,723,17.19,Mist,0.7208657412914387,15.249842229259333,15.247079966307455
242,15.249842229259333,199.0802031238452,2248.980330965507,726,17.19,Mist,0.7208185507177302,15.273025666618205,15.270270965644364
243,15.273025666618205,199.15253146246056,2249.0120421601723,729,17.19,Mist,0.7207715214892481,15.296179281397709,15.293432105702713
244,15.296179281397709,199.22468133475195,2249.0437406180017,732,17.19,Mist,0.7207246527008219,15.319303223382613,15.316563536551103
245,15.319303223382613,199.29665376888784,2249.0754264483494,735,17.19,Mist,0.7206779434550652,15.34239764121027,15.33966540710769
246,15.34239764121027,199.3684497840821,2249.107099759304,738,17.19,Mist,0.7206313928622724,15.365462682382832,15.362737865152447
247,15.365462682382832,199.44007039069277,2249.138760657708,741,17.19,Mist,0.7205850000403438,15.388498493279304,15.385781057339255
248,15.388498493279304,199.5115165903324,2249.170409249174,744,17.19,Mist,0.7205387641146823,15.411505219167434,15.408795129207832
249,15.411505219167434,199.58278937596344,2249.2020456381038,747,17.19,Mist,0.7204926842181226,15.434483004215442,15.431780225195496
250,15.434483004215442,199.6538897319997,2249.2336699277053,750,17.19,Mist,0.7204467594908421,15.457431991503585,15.454736488648782
251,15.457431991503585,199.72481863440765,2249.2652822200102,753,17.19,Mist,0.7204009890802725,15.480352323035572,15.477664061834883
252,15.480352323035572,199.79557705080157,2249.2968826158904,756,17.19,Mist,0.7203553721410227,15.503244139749826,15.500563085952953
253,15.503244139749826,199.86616594053964,2249.328471215075,759,17.19,Mist,0.7203099078347979,15.526107581530596,15.523433701145251
254,15.526107581530596,199.9365862548185,2249.360048116166,762,17.19,Mist,0.7202645953303183,15.548942787218909,15.546276046508144
255,15.548942787218909,200.00683893676762,2249.3916134166548,765,17.19,Mist,0.7202194338032385,15.571749894623396,15.569090260102952
256,15.571749894623396,200.07692492153893,2249.423167212937,768,17.19,Mist,0.7201744224360737,15.59452904053096,15.591876478966656
257,15.59452904053096,200.14684513639912,2249.45470960033,771,17.19,Mist,0.7201295604181217,15.6172803607173,15.614634839122465
258,15.6172803607173,200.21660050081812,2249.4862406730845,774,17.19,Mist,0.7200848469453852,15.64368754169615,15.635155525609978
259,15.64368754169615,200.29746542817827,2249.517822266565,777,17.19,Mist,0.7200304605588514,15.670055413703285,15.661542230435956
260,15.670055413703285,200.37810386892227,2249.549390632845,780,17.19,Mist,0.7199762782248884,15.696384195888955,15.687889747705569
261,15.696384195888955,200.4585172867976,2249.5809458986337,783,17.19,Mist,0.7199222986553286,15.72267410551702,15.714198295517631
262,15.72267410551702,200.53870713123,2249.6124881889978,786,17.19,Mist,0.7198685205744499,15.748925357987522,15.740468090097217
263,15.748925357987522,200.61867483751666,2249.64401762739,789,17.19,Mist,0.7198149427188029,15.775138166858909,15.76669934581803
264,15.775138166858909,200.69842182700478,2249.675534335675,792,17.19,Mist,0.7197615638370647,15.801312743869921,15.792892275224439
265,15.801312743869921,200.77794950727883,2249.7070384341537,795,17.19,Mist,0.7197083826898738,15.82744929896114,15.819047089053184
266,15.82744929896114,200.85725927233375,2249.7385300415904,798,17.19,Mist,0.7196553980496848,15.853548040296214,15.845163996254728
267,15.853548040296214,200.9363525027593,2249.7700092752357,801,17.19,Mist,0.7196026087006049,15.879609174282765,15.871243204014313
268,15.879609174282765,201.01523056590202,2249.8014762508524,804,17.19,Mist,0.7195500134382636,15.905632905592974,15.897284917772684
269,15.905632905592974,201.09389481604433,2249.8329310827376,807,17.19,Mist,0.7194976110696506,15.93161943718387,15.923289341246507
270,15.93161943718387,201.17234659456955,2249.8643738837477,810,17.19,Mist,0.7194454004129789,15.957568970317302,15.949256676448478
271,15.957568970317302,201.2505872301254,2249.8958047653205,813,17.19,Mist,0.7193933802975405,15.983481704579615,15.975187123707133
272,15.983481704579615,201.32861803878615,2249.9272238374965,816,17.19,Mist,0.7193415495635744,16.00935783790105,16.001080881686363
273,16.00935783790105,201.406440324215,2249.958631208943,819,17.19,Mist,0.7192899070621172,16.03519756657483,16.026938147404643
274,16.03519756657483,201.48405537781787,2249.990026986975,822,17.19,Mist,0.7192384516548795,16.06100108527599,16.05275911625397
275,16.06100108527599,201.5614644788991,2250.0214112775743,825,17.19,Mist,0.7191871822141087,16.086768587079916,16.078543982018534
276,16.086768587079916,201.63866889481568,2250.052784185414,828,17.19,Mist,0.7191360976224533,16.112500263480612,16.104292936893096
277,16.112500263480612,201.71566988112318,2250.0841458138757,831,17.19,Mist,0.7190851967728435,16.13819630440871,16.13000617150111
278,16.13819630440871,201.7924686817252,2250.115496265071,834,17.19,Mist,0.7190344785683592,16.163856898249193,16.155683874912597
279,16.163856898249193,201.86906652901973,2250.1468356398614,837,17.19,Mist,0.7189839419221036,16.189482231858907,16.181326234661707
280,16.189482231858907,201.94546464403896,2250.178164037876,840,17.19,Mist,0.7189335857570852,16.215072490583765,16.206933436764096
281,16.215072490583765,202.02166423659202,2250.209481557532,843,17.19,Mist,0.7188834090060929,16.240627858275744,16.232505665733985
282,16.240627858275744,202.09766650540337,2250.2407882960533,846,17.19,Mist,0.7188334106115779,16.266148517309613,16.258043104601033
283,16.266148517309613,202.17347263824655,2250.272084349487,849,17.19,Mist,0.7187835895255391,16.291634648599445,16.283545934926913
284,16.291634648599445,202.249083812082,2250.3033698127233,852,17.19,Mist,0.7187339447094037,16.317086431614857,16.3090143368217
285,16.317086431614857,202.32450119318787,2250.3346447795116,855,17.19,Mist,0.7186844751339121,16.34250404439706,16.33444848895999
286,16.34250404439706,202.39972593728794,2250.365909342478,858,17.19,Mist,0.7186351797790136,16.36788766357465,16.3598485685968
287,16.36788766357465,202.47475918968178,2250.397163593144,861,17.19,Mist,0.7185860576337495,16.39323746437919,16.38521475158325
288,16.39323746437919,202.54960208537096,2250.4284076219396,864,17.19,Mist,0.7185371076961458,16.418553620660575,16.410547212382024
289,16.418553620660575,202.62425574918302,2250.459641518223,867,17.19,Mist,0.7184883289731054,16.44383630490216,16.435846124082595
290,16.44383630490216,202.6987212958935,2250.4908653702955,870,17.19,Mist,0.7184397204803055,16.469085688235708,16.46111165841626
291,16.469085688235708,202.77299983034595,2250.522079265416,873,17.19,Mist,0.7183912812420916,16.494301940456104,16.486343985770944
292,16.494301940456104,202.84709244757119,2250.5532832898175,876,17.19,Mist,0.7183430102913754,16.519485230035865,16.51154327520582
293,16.519485230035865,202.92100023290533,2250.5844775287237,879,17.19,Mist,0.7182949066695331,16.54463572413947,16.536709694465692
294,16.54463572413947,202.9947242621031,2250.6156620663605,882,17.19,Mist,0.7182469694263087,16.569753588637465,16.56184340999522
295,16.569753588637465,203.06826560145277,2250.646836985974,885,17.19,Mist,0.7181991976197112,16.594838988120383,16.58694458695291
296,16.594838988120383,203.14162530788616,2250.678002369843,888,17.19,Mist,0.7181515903159259,16.61989208591249,16.61201338922494
297,16.61989208591249,203.21480442909024,2250.7091582992934,891,17.19,Mist,0.7181041465892123,16.64491304408531,16.63704997943879
298,16.64491304408531,203.28780400361632,2250.7403048547126,894,17.19,Mist,0.7180568655218112,16.66990202347099,16.66205451897665
299,16.66990202347099,203.36062506098358,2250.7714421155624,897,17.19,Mist,0.7180097462038588,16.694859183675472,16.68702716798871
300,16.694859183675472,203.43326862178844,2250.8025701603933,900,17.19,Mist,0.7179627877332874,16.71978468309149,16.71196808540622
301,16.71978468309149,203.50573569780693,2250.8336890668566,903,17.19,Mist,0.717915989215739,16.74467867891138,16.736877428954372
302,16.74467867891138,203.5780272920947,2250.8647989117185,906,17.19,Mist,0.7178693497644811,16.769541327139745,16.761755355165043
303,16.769541327139745,203.65014439909135,2250.8958997708723,909,17.19,Mist,0.7178228685003123,16.79437278260591,16.78660201938933
304,16.79437278260591,203.72208800471594,2250.92699171935,912,17.19,Mist,0.717776544551485,16.819173198976245,16.81141757580995
305,16.819173198976245,203.79385908647112,2250.9580748313365,915,17.19,Mist,0.7177303770536073,16.84394272876629,16.836202177453433
306,16.84394272876629,203.86545861352977,2250.9891491801795,918,17.19,Mist,0.7176843651495803,16.868681523352755,16.86095597620218
307,16.868681523352755,203.9368875468424,2251.020214838403,921,17.19,Mist,0.7176385079894896,16.89338973298533,16.88567912280637
308,16.89338973298533,204.00814683921817,2251.0512718777177,924,17.19,Mist,0.7175928047305512,16.918067506798348,16.91037176689566
309,16.918067506798348,204.07923743542779,2251.0823203690347,927,17.19,Mist,0.7175472545370115,16.9427149928223,16.93503405699081
310,16.9427149928223,204.15016027228745,2251.1133603824737,930,17.19,Mist,0.7175018565800797,16.96733233799519,16.959666140515047
311,16.96733233799519,204.22091627875307,2251.144391987376,933,17.19,Mist,0.7174566100378431,16.99191968817375,16.9842681638054
312,16.99191968817375,204.29150637600765,2251.175415252315,936,17.19,Mist,0.7174115140951937,17.016477188144478,17.00884027212378
313,17.016477188144478,204.36193147754528,2251.206430245107,939,17.19,Mist,0.7173665679437573,17.041004981634583,17.03338260966799
314,17.041004981634583,204.4321924892629,2251.2374370328216,942,17.19,Mist,0.7173217707818086,17.065503211322742,17.057895319582528
315,17.065503211322742,204.50229030954085,2251.2684356817917,945,17.19,Mist,0.7172771218142064,17.08997201884974,17.082378543969323
316,17.08997201884974,204.57222582932746,2251.2994262576244,948,17.19,Mist,0.7172326202523193,17.11441154482896,17.10683242389826
317,17.11441154482896,204.64199993222104,2251.3304088252103,951,17.19,Mist,0.7171882653139532,17.13882192885675,17.131257099417613
318,17.13882192885675,204.71161349455593,2251.3613834487337,954,17.19,Mist,0.7171440562232756,17.163203309522643,17.155652709564322
319,17.163203309522643,204.7810673854745,2251.3923501916825,957,17.19,Mist,0.7170999922107589,17.18755582441945,17.180019392374156
320,17.18755582441945,204.85036246701145,2251.423309116857,960,17.19,Mist,0.717056072513102,17.21187961015324,17.204357284891728
321,17.21187961015324,204.91949959417326,2251.4542602863808,963,17.19,Mist,0.7170122963731617,17.236174802353155,17.228666523180387
322,17.236174802353155,204.98847961501002,2251.4852037617075,966,17.19,Mist,0.7169686630398947,17.26044153568114,17.25294724233199
323,17.26044153568114,205.0573033706961,2251.5161396036315,969,17.19,Mist,0.7169251717682815,17.284679943841525,17.277199576476544
324,17.284679943841525,205.12597169560058,2251.5470678722972,972,17.19,Mist,0.7168818218192727,17.308890159590494,17.30142365879173
325,17.308890159590494,205.19448541736529,2251.577988627207,975,17.19,Mist,0.7168386124597137,17.333072314745433,17.325619621512292
326,17.333072314745433,205.26284535697533,2251.6089019272295,978,17.19,Mist,0.7167955429622894,17.35722654019415,17.349787595939333
327,17.35722654019415,205.33105232883042,2251.639807830609,981,17.19,Mist,0.7167526126054586,17.381352965904007,17.37392771244946
328,17.381352965904007,205.3991071408177,2251.6707063949734,984,17.19,Mist,0.7167098206733938,17.4054517209309,17.39804010050386
329,17.4054517209309,205.46701059438033,2251.7015976773423,987,17.19,Mist,0.7166671664559189,17.429522933428157,17.422124888657205
330,17.429522933428157,205.53476348458491,2251.7324817341355,990,17.19,Mist,0.7166246492484531,17.45356673065531,17.44618220456651
331,17.45356673065531,205.60236660019456,2251.76335862118,993,17.19,Mist,0.7165822683519444,17.477583238986767,17.470212174999823
332,17.477583238986767,205.6698207237293,2251.794228393719,996,17.19,Mist,0.7165400230728227,17.50157258392036,17.49421492584483
333,17.50157258392036,205.73712663153827,2251.8250911064188,999,17.19,Mist,0.7164979127229291,17.52553489008581,17.518190582117377
334,17.52553489008581,205.8042850938607,2251.8559468133767,1002,17.19,Mist,0.7164559366194706,17.54947028125307,17.54213926796985
335,17.54947028125307,205.87129687489204,2251.8867955681285,1005,17.19,Mist,0.7164140940849596,17.57337888034056,17.56606110669946
336,17.57337888034056,205.9381627328495,2251.917637423656,1008,17.19,Mist,0.7163723844471549,17.597260809423343,17.589956220756445
337,17.597260809423343,206.00488342003166,2251.948472432393,1011,17.19,Mist,0.7163308070390129,17.62111618974114,17.613824731752153
338,17.62111618974114,206.07145968288125,2251.979300646234,1014,17.19,Mist,0.7162893611986331,17.64494514170629,17.637666760467038
339,17.64494514170629,206.13789226204926,2252.0101221165414,1017,17.19,Mist,0.7162480462691979,17.668747784911602,17.66148242685854
340,17.668747784911602,206.20418189244958,2252.04093689415,1020,17.19,Mist,0.7162068615989337,17.692524238138102,17.685271850068904
341,17.692524238138102,206.27032930332382,2252.0717450293764,1023,17.19,Mist,0.7161658065410456,17.716274619362707,17.70903514843286
342,17.716274619362707,206.33633521829722,2252.102546572024,1026,17.19,Mist,0.7161248804536734,17.73999904576578,17.732772439485252
343,17.73999904576578,206.4022003554387,2252.1333415713907,1029,17.19,Mist,0.7160840826998389,17.76369763373862,17.75648383996854
344,17.76369763373862,206.46792542731583,2252.164130076275,1032,17.19,Mist,0.7160434126473987,17.787370498890834,17.780169465840224
345,17.787370498890834,206.53351114105158,2252.194912134981,1035,17.19,Mist,0.7160028696689932,17.81101775605766,17.803829432280214
346,17.81101775605766,206.5989581983843,2252.2256877953278,1038,17.19,Mist,0.7159624531419935,17.834639519307157,17.827463853698042
347,17.834639519307157,206.66426729571435,2252.2564571046523,1041,17.19,Mist,0.7159221624484674,17.858235901947346,17.851072843740052
348,17.858235901947346,206.7294391241694,2252.2872201098176,1044,17.19,Mist,0.7158819969751116,17.88180701653324,17.874656515296472
349,17.88180701653324,206.79447436964773,2252.317976857217,1047,17.19,Mist,0.7158419561132242,17.905352974873814,17.898214980508392
350,17.905352974873814,206.8593737128778,2252.348727392783,1050,17.19,Mist,0.7158020392586478,17.928873888038872,17.92174835077471
351,17.928873888038872,206.9241378294684,2252.37947176199,1053,17.19,Mist,0.7157622458117273,17.952369866365846,17.945256736758935
352,17.952369866365846,206.98876738996012,2252.4102100098607,1056,17.19,Mist,0.7157225751772637,17.97584101946651,17.968740248395946
353,17.97584101946651,207.05326305987643,2252.4409421809733,1059,17.19,Mist,0.7156830267644715,17.999287456233617,17.99219899489866
354,17.999287456233617,207.117625499775,2252.4716683194656,1062,17.19,Mist,0.7156435999869334,18.02270928484746,18.01563308476464
355,18.02270928484746,207.18185536529597,2252.5023884690404,1065,17.19,Mist,0.7156042942625561,18.046106612782342,18.03904262578259
356,18.046106612782342,207.24595330721314,2252.5331026729723,1068,17.19,Mist,0.7155651090135301,18.069479546813003,18.0624277250388
357,18.069479546813003,207.30991997147828,2252.563810974111,1071,17.19,Mist,0.7155260436662875,18.092828193020935,18.085788488923523
358,18.092828193020935,207.37375599927526,2252.594513414889,1074,17.19,Mist,0.715487097651456,18.116152656800647,18.109125023137253
359,18.116152656800647,207.43746202706166,2252.625210037324,1077,17.19,Mist,0.7154482704038221,18.13945304286586,18.132437432696953
360,18.13945304286586,207.5010386866196,2252.6559008830254,1080,17.19,Mist,0.715409561362287,18.162729455255604,18.155725821942198
361,18.162729455255604,207.5644866050963,2252.6865859932,1083,17.19,Mist,0.715370969969835,18.18598199734028,18.178990294541247
362,18.18598199734028,207.62780640505736,2252.7172654086553,1086,17.19,Mist,0.7153324956734786,18.20921077182763,18.202230953497054
363,18.20921077182763,207.69099870452487,2252.7479391698057,1089,17.19,Mist,0.7152941379242349,18.232415880768645,18.22544790115321
364,18.232415880768645,207.7540641170262,2252.778607316677,1092,17.19,Mist,0.7152558961770757,18.2555974255634,18.248641239199802
365,18.2555974255634,207.81700325163615,2252.8092698889104,1095,17.19,Mist,0.7152177698908937,18.27875550696684,18.271811068679227
366,18.27875550696684,207.87981671301924,2252.8399269257675,1098,17.19,Mist,0.7151797585284674,18.30189022509447,18.294957489991923
367,18.30189022509447,207.94250510147515,2252.870578466135,1101,17.19,Mist,0.7151418615564177,18.325001679428027,18.318080602902043
368,18.325001679428027,208.00506901297842,2252.9012245485305,1104,17.19,Mist,0.7151040784451758,18.348089968821025,18.341180506543065
369,18.348089968821025,208.06750903922364,2252.9318652111037,1107,17.19,Mist,0.7150664086689428,18.3711551915043,18.36425729942333
370,18.3711551915043,208.12982576766103,2252.962500491644,1110,17.19,Mist,0.71502885170566,18.394197445091454,18.38731107943153
371,18.394197445091454,208.19201978154388,2252.993130427583,1113,17.19,Mist,0.7149914070369647,18.417216826584248,18.410341943842138
372,18.417216826584248,208.25409165996257,2253.023755055999,1116,17.19,Mist,0.7149540741481656,18.44021343237794,18.433349989320746
373,18.44021343237794,208.31604197789153,2253.0543744136226,1119,17.19,Mist,0.7149168525281933,18.463187358266563,18.456335311929386
374,18.463187358266563,208.37787130622075,2253.084988536839,1122,17.19,Mist,0.7148797416695829,18.486138699448126,18.479298007131764
375,18.486138699448126,208.4395802118001,2253.1155974616922,1125,17.19,Mist,0.7148427410684284,18.509067550529785,18.502238169798446
376,18.509067550529785,208.50116925747557,2253.1462012238912,1128,17.19,Mist,0.7148058502243528,18.53197400553294,18.52515589421197
377,18.53197400553294,208.56263900212832,2253.176799858811,1131,17.19,Mist,0.714769068640475,18.554858157898284,18.548051274071938
378,18.554858157898284,208.62399000070985,2253.2073934014984,1134,17.19,Mist,0.7147323958233788,18.57772010049078,18.57092440250002
379,18.57772010049078,208.68522280428272,2253.237981886675,1137,17.19,Mist,0.714695831283075,18.600559925604607,18.593775372044895
380,18.600559925604607,208.74633796005355,2253.2685653487415,1140,17.19,Mist,0.7146593745329765,18.62337772496803,18.616604274687194
381,18.62337772496803,208.80733601141168,2253.2991438217814,1143,17.19,Mist,0.7146230250898614,18.64617358974824,18.6394112018443
382,18.64617358974824,208.8682174979623,2253.3297173395645,1146,17.19,Mist,0.714586782473847,18.668947610556117,18.662196244375192
383,18.668947610556117,208.92898295556535,2253.3602859355506,1149,17.19,Mist,0.7145506462083515,18.691699877450954,18.68495949258516
384,18.691699877450954,208.98963291636755,2253.3908496428926,1152,17.19,Mist,0.7145146158200701,18.71443047994513,18.707701036230517
385,18.71443047994513,209.05016790883826,2253.421408494441,1155,17.19,Mist,0.7144786908389418,18.737139507008727,18.73042096452322
386,18.737139507008727,209.11058845780354,2253.451962522747,1158,17.19,Mist,0.7144428707981193,18.759827047074104,18.753119366135486
387,18.759827047074104,209.17089508447714,2253.482511760066,1161,17.19,Mist,0.7144071552339438,18.78249318804042,18.775796329204315
388,18.78249318804042,209.23108830649886,2253.5130562383592,1164,17.19,Mist,0.7143715436859093,18.805138017278097,18.798451941336
389,18.805138017278097,209.29116863796435,2253.5435959893002,1167,17.19,Mist,0.7143360356966368,18.82776162163325,18.821086289610566
390,18.82776162163325,209.35113658945733,2253.5741310442763,1170,17.19,Mist,0.7143006308118479,18.850364087432073,18.84369946058616
391,18.850364087432073,209.41099266808203,2253.6046614343923,1173,17.19,Mist,0.7142653285803358,18.872945500485155,18.866291540303408
392,18.872945500485155,209.47073737749554,2253.6351871904726,1176,17.19,Mist,0.7142301285539361,18.89550594609177,18.888862614289735
393,18.89550594609177,209.53037121794137,2253.6657083430664,1179,17.19,Mist,0.714195030287496,18.91804550904412,18.9114127675636
394,18.91804550904412,209.58989468627624,2253.696224922449,1182,17.19,Mist,0.7141600333388548,18.940564273631516,18.933942084638726
395,18.940564273631516,209.6493082760021,2253.726736958625,1185,17.19,Mist,0.7141251372688138,18.963062323644547,18.956450649528247
396,18.963062323644547,209.7086124773,2253.757244481334,1188,17.19,Mist,0.7140903416411061,18.98553974237917,18.978938545748864
397,18.98553974237917,209.76780777705585,2253.7877475200494,1191,17.19,Mist,0.7140556460223735,19.007996612640778,19.001405856324915
398,19.007996612640778,209.82689465889086,2253.8182461039837,1194,17.19,Mist,0.7140210499821434,19.03043301674822,19.02385266379239
399,19.03043301674822,209.88587360319332,2253.8487402620926,1197,17.19,Mist,0.7139865530927975,19.052849036537772,19.046279050202966
400,19.052849036537772,209.94474508714484,2253.8792300230753,1200,17.19,Mist,0.7139521549295494,19.07524475336709,19.068685097127933
401,19.07524475336709,210.00350958475167,2253.9097154153783,1203,17.19,Mist,0.7139178550704182,19.09762024811909,19.091070885662123
402,19.09762024811909,210.0621675668699,2253.9401964671993,1206,17.19,Mist,0.7138836530962054,19.119975601205798,19.11343649642777
403,19.119975601205798,210.12071950123584,2253.9706732064883,1209,17.19,Mist,0.7138495485904706,19.142310892572183,19.13578200957835
404,19.142310892572183,210.17916585249372,2254.0011456609514,1212,17.19,Mist,0.7138155411395032,19.16462620169992,19.158107504802373
405,19.16462620169992,210.23750708222178,2254.031613858053,1215,17.19,Mist,0.7137816303323032,19.18692160761113,19.18041306132714
406,19.18692160761113,210.2957436489604,2254.062077825019,1218,17.19,Mist,0.7137478157605555,19.20919718887207,19.202698757922445
407,19.20919718887207,210.35387600823896,2254.0925375888387,1221,17.19,Mist,0.7137140970186051,19.231453023596806,19.22496467290426
408,19.231453023596806,210.41190461260237,2254.1229931762673,1224,17.19,Mist,0.7136804737034351,19.253689189450817,19.24721088413838
409,19.253689189450817,210.4698299116355,2254.15344461383,1227,17.19,Mist,0.7136469454146455,19.2759057636546,19.269437469044007
410,19.2759057636546,210.5276523519924,2254.183891927822,1230,17.19,Mist,0.7136135117544273,19.298102822987197,19.291644504597325
411,19.298102822987197,210.58537237742019,2254.2143351443137,1233,17.19,Mist,0.7135801723275391,19.320280443789727,19.313832067335035
412,19.320280443789727,210.6429904287823,2254.244774289151,1236,17.19,Mist,0.7135469267412944,19.34243870196885,19.33600023335783
413,19.34243870196885,210.70050694408877,2254.2752093879585,1239,17.19,Mist,0.7135137746055223,19.36457767300021,19.35814907833386
414,19.36457767300021,210.7579223585155,2254.3056404661424,1242,17.19,Mist,0.7134807155325658,19.386697431931843,19.380278677502165
415,19.386697431931843,210.8152371044335,2254.336067548892,1245,17.19,Mist,0.7134477491372413,19.40879805338755,19.40238910567604
416,19.40879805338755,210.87245161142914,2254.366490661183,1248,17.19,Mist,0.7134148750368333,19.430879611570226,19.4244804372464
417,19.430879611570226,210.92956630633142,2254.396909827778,1251,17.19,Mist,0.7133820928510618,19.45294218026518,19.446552746185105
418,19.45294218026518,210.98658161323397,2254.427325073231,1254,17.19,Mist,0.7133494022020682,19.474985832843387,19.468606106048224
419,19.474985832843387,211.04349795351845,2254.457736421888,1257,17.19,Mist,0.7133168027143912,19.497010642264744,19.490640589979318
420,19.497010642264744,211.1003157458797,2254.4881438978905,1260,17.19,Mist,0.7132842940149489,19.519016681081265,19.512656270712633
421,19.519016681081265,211.15703540634536,2254.5185475251765,1263,17.19,Mist,0.7132518757330173,19.54100402144026,19.534653220576306
422,19.54100402144026,211.2136573483021,2254.5489473274833,1266,17.19,Mist,0.7132195475002093,19.562972735087467,19.55663151149551
423,19.562972735087467,211.27018198251665,2254.5793433283493,1269,17.19,Mist,0.7131873089504572,19.58492289337018,19.578591214995587
424,19.58492289337018,211.32660971715836,2254.609735551116,1272,17.19,Mist,0.7131551597199893,19.606854567240315,19.600532402205133
425,19.606854567240315,211.38294095781987,2254.640124018931,1275,17.19,Mist,0.7131230994473178,19.628767827257473,19.622455143859067
426,19.628767827257473,211.43917610754045,2254.670508754749,1278,17.19,Mist,0.7130911277732109,19.65066274359194,19.644359510301676
427,19.65066274359194,211.4953155668279,2254.700889781334,1281,17.19,Mist,0.7130592443406809,19.6725393860277,19.666245571489586
428,19.6725393860277,211.55135973367794,2254.7312671212617,1284,17.19,Mist,0.7130274487949628,19.694397823965385,19.688113396994773
429,19.694397823965385,211.6073090035975,2254.7616407969217,1287,17.19,Mist,0.7129957407834933,19.716238126425196,19.709963056007485
430,19.716238126425196,211.66316376962578,2254.7920108305184,1290,17.19,Mist,0.7129641199558941,19.73806036204983,19.73179461733916
431,19.73806036204983,211.71892442234952,2254.8223772440733,1293,17.19,Mist,0.7129325859639619,19.75986459910733,19.75360814942531
432,19.75986459910733,211.7745913499329,2254.852740059428,1296,17.19,Mist,0.7129011384616318,19.781650905493954,19.77540372032841
433,19.781650905493954,211.83016493812823,2254.8830992982444,1299,17.19,Mist,0.712869777104982,19.803419348736973,19.797181397740676
434,19.803419348736973,211.88564557030458,2254.9134549820074,1302,17.19,Mist,0.7128385015521949,19.825169995997484,19.818941248986917
435,19.825169995997484,211.94103362746034,2254.943807132027,1305,17.19,Mist,0.7128073114635561,19.846902914073155,19.840683341027294
436,19.846902914073155,211.99632948824637,2254.9741557694397,1308,17.19,Mist,0.7127762065014293,19.868618169400975,19.86240774046006
437,19.868618169400975,212.05153352898554,2255.00450091521,1311,17.19,Mist,0.7127451863302408,19.89031582805996,19.884114513524295
438,19.89031582805996,212.10664612369175,2255.0348425901325,1314,17.19,Mist,0.7127142506164597,19.91199595577385,19.905803726102604
439,19.91199595577385,212.16166764408672,2255.065180814834,1317,17.19,Mist,0.7126833990285906,19.933658617913753,19.927475443723786
440,19.933658617913753,212.21659845962347,2255.095515609775,1320,17.19,Mist,0.7126526312371413,19.95530387950079,19.949129731565474
441,19.95530387950079,212.2714389374985,2255.1258469952504,1323,17.19,Mist,0.7126219469146263,19.976931805208693,19.970766654456767
442,19.976931805208693,212.32618944267654,2255.1561749913926,1326,17.19,Mist,0.7125913457355323,19.99854245936641,19.992386276880804
443,19.99854245936641,212.3808503379057,2255.1864996181725,1329,17.19,Mist,0.7125608273763108,20.020135905960643,20.01398866297737
444,20.020135905960643,212.43542198373433,2255.2168208954013,1332,17.19,Mist,0.7125303915153658,20.041712208638398,20.035573876545406
445,20.041712208638398,212.48990473853195,2255.2471388427316,1335,17.19,Mist,0.7125000378330281,20.063271430709488,20.057141981045554
446,20.063271430709488,212.54429895850524,2255.27745347966,1338,17.19,Mist,0.7124697660115482,20.084813635149025,20.078693039602648
447,20.084813635149025,212.59860499771492,2255.307764825527,1341,17.19,Mist,0.7124395757350781,20.106338884599886,20.10022711500818
448,20.106338884599886,212.6528232080953,2255.3380728995207,1344,17.19,Mist,0.7124094666896527,20.127847241375147,20.121744269722775
449,20.127847241375147,212.70695393946738,2255.368377720677,1347,17.19,Mist,0.7123794385631849,20.149338767460506,20.143244565878593
450,20.149338767460506,212.76099753956174,2255.3986793078807,1350,17.19,Mist,0.7123494910454352,20.170813524516685,20.164728065281746
451,20.170813524516685,212.8149543540302,2255.4289776798687,1353,17.19,Mist,0.7123196238280105,20.19227157388179,20.186194829414692
452,20.19227157388179,212.86882472646425,2255.4592728552298,1356,17.19,Mist,0.7122898366043446,20.21371297657367,20.207644919438575
453,20.21371297657367,212.92260899841278,2255.489564852407,1359,17.19,Mist,0.712260129069681,20.235137793292246,20.22907839619558
454,20.235137793292246,212.9763075093963,2255.5198536896987,1362,17.19,Mist,0.7122305009210617,20.256546084421817,20.25049532021123
455,20.256546084421817,213.02992059692343,2255.55013938526,1365,17.19,Mist,0.712200951857315,20.277937910033344,20.271895751696718
456,20.277937910033344,213.08344859650924,2255.5804219571046,1368,17.19,Mist,0.7121714815790352,20.29931332988672,20.293279750551143
457,20.29931332988672,213.1368918416889,2255.610701423106,1371,17.19,Mist,0.7121420897885723,20.320672403433004,20.314647376363784
458,20.320672403433004,213.1902506640311,2255.6409778009984,1374,17.19,Mist,0.7121127761900233,20.34201518981666,20.33599868841632
459,20.34201518981666,213.24352539316033,2255.6712511083783,1377,17.19,Mist,0.7120835404892066,20.363341747877747,20.35733374568506
460,20.363341747877747,213.29671635676567,2255.701521362707,1380,17.19,Mist,0.7120543823936591,20.38465213615411,20.37865260684312
461,20.38465213615411,213.34982388061786,2255.7317885813095,1383,17.19,Mist,0.7120253016126203,20.405946412883527,20.399955330262593
462,20.405946412883527,213.402848288587,2255.7620527813783,1386,17.19,Mist,0.7119962978570141,20.427224636005874,20.421241974016713
463,20.427224636005874,213.4557899026541,2255.792313979973,1389,17.19,Mist,0.7119673708394418,20.448486863165233,20.442512595881976
464,20.448486863165233,213.50864904292712,2255.8225721940225,1392,17.19,Mist,0.7119385202741657,20.469733151712,20.46376725334025
465,20.469733151712,213.56142602765595,2255.8528274403257,1395,17.19,Mist,0.7119097458770981,20.49096355870497,20.485006003580892
466,20.49096355870497,213.61412117324755,2255.8830797355536,1398,17.19,Mist,0.7118810473657847,20.5121781409134,20.506228903502784
467,20.5121781409134,213.66673479427624,2255.913329096249,1401,17.19,Mist,0.7118524244594016,20.533376954819065,20.52743600971642
468,20.533376954819065,213.71926720350433,2255.94357553883,1404,17.19,Mist,0.7118238768787286,20.55456005661828,20.54862737854593
469,20.55456005661828,213.7717187118908,2255.9738190795883,1407,17.19,Mist,0.711795404346149,20.575727502223902,20.569803066031106
470,20.575727502223902,213.82408962860825,2256.0040597346933,1410,17.19,Mist,0.7117670065856296,20.596879347267343,20.590963127929385
471,20.596879347267343,213.87638026105412,2256.0342975201916,1413,17.19,Mist,0.7117386833227164,20.618015647100524,20.61210761971785
472,20.618015647100524,213.92859091486775,2256.0645324520083,1416,17.19,Mist,0.7117104342845124,20.639136456797843,20.633236596595186
473,20.639136456797843,213.98072189394048,2256.0947645459487,1419,17.19,Mist,0.7116822591996748,20.660241831158114,20.654350113483627
474,20.660241831158114,214.03277350043118,2256.124993817699,1422,17.19,Mist,0.7116541577983985,20.681331824706483,20.675448225030895
475,20.681331824706483,214.08474603477896,2256.155220282827,1425,17.19,Mist,0.711626129812404,20.702406491696337,20.696530985612092
476,20.702406491696337,214.1366397957164,2256.185443956785,1428,17.19,Mist,0.7115981749749296,20.723465886111192,20.717598449331618
477,20.723465886111192,214.18845508028164,2256.2156648549094,1431,17.19,Mist,0.7115702930207168,20.74451006166656,20.738650670025034
478,20.74451006166656,214.2401921838329,2256.245882992421,1434,17.19,Mist,0.7115424836859976,20.76553907181181,20.759687701260923
479,20.76553907181181,214.29185140005904,2256.2760983844278,1437,17.19,Mist,0.7115147467084907,20.786552969731996,20.780709596342756
480,20.786552969731996,214.34343302099546,2256.306311045926,1440,17.19,Mist,0.7114870818273791,20.807551808349693,20.801716408310693
481,20.807551808349693,214.39493733703182,2256.3365209918,1443,17.19,Mist,0.7114594887833106,20.82853564032679,20.822708189943413
482,20.82853564032679,214.44636463692984,2256.3667282368237,1446,17.19,Mist,0.7114319673183774,20.84950451806629,20.843684993759908
483,20.84950451806629,214.49771520783332,2256.396932795662,1449,17.19,Mist,0.7114045171761076,20.87045849371407,20.864646872021268
484,20.87045849371407,214.54898933527744,2256.4271346828714,1452,17.19,Mist,0.7113771381014615,20.891397619160657,20.88559387673243
485,20.891397619160657,214.60018730320468,2256.4573339129015,1455,17.19,Mist,0.7113498298408137,20.912321946042958,20.906526059643944
486,20.912321946042958,214.6513093939759,2256.4875305000955,1458,17.19,Mist,0.7113225921419424,20.933231525745995,20.927443472253714
487,20.933231525745995,214.702355888382,2256.517724458691,1461,17.19,Mist,0.7112954247540211,20.95412640940462,20.948346165808694
488,20.95412640940462,214.7533270656533,2256.5479158028224,1464,17.19,Mist,0.7112683274276118,20.9750066479052,20.96923419130661
489,20.9750066479052,214.80422320347498,2256.5781045465196,1467,17.19,Mist,0.7112412999146488,20.99587229188732,20.99010759949765
490,20.99587229188732,214.85504457799647,2256.6082907037103,1470,17.19,Mist,0.7112143419684293,21.016723391745437,21.010966440886136
491,21.016723391745437,214.9057914638434,2256.6384742882215,1473,17.19,Mist,0.7111874533436064,21.037559997630535,21.03181076573218
492,21.037559997630535,214.9564641341285,2256.6686553137793,1476,17.19,Mist,0.7111606337961777,21.058382159451774,21.05264062405333
493,21.058382159451774,215.00706286046147,2256.69883379401,1479,17.19,Mist,0.7111338830834771,21.079189926878115,21.07345606562621
494,21.079189926878115,215.05758791296466,2256.729009742442,1482,17.19,Mist,0.7111072009641597,21.09998334933992,21.094257139988155
495,21.09998334933992,215.1080395602769,2256.7591831725053,1485,17.19,Mist,0.7110805871982009,21.12076247603056,21.115043896438763
496,21.12076247603056,215.15841806957184,2256.7893540975333,1488,17.19,Mist,0.7110540415468758,21.141527355908003,21.135816384041537
497,21.141527355908003,215.2087237065636,2256.819522530763,1491,17.19,Mist,0.7110275637727596,21.162278037696378,21.156574651625444
498,21.162278037696378,215.2589567355185,2256.849688485337,1494,17.19,Mist,0.7110011536397146,21.183014569887533,21.177318747786472
499,21.183014569887533,215.3091174192673,2256.8798519743027,1497,17.19,Mist,0.7109748109128774,21.20373700074258,21.19804872088919
500,21.20373700074258,215.35920601921566,2256.9100130106153,1500,17.19,Mist,0.7109485353586534,21.224445378293435,21.21876461906828
501,21.224445378293435,215.40922279534982,2256.9401716071366,1503,17.19,Mist,0.7109223267447115,21.245139750344322,21.239466490230058
502,21.245139750344322,215.4591680062549,2256.970327776637,1506,17.19,Mist,0.7108961848399629,21.265820164473286,21.260154382054
503,21.265820164473286,215.5090419091175,2257.000481531796,1509,17.19,Mist,0.7108701094145655,21.286486668033685,21.28082834199422
504,21.286486668033685,215.5588447597401,2257.030632885203,1512,17.19,Mist,0.7108441002399077,21.307139308155673,21.301488417280968
505,21.307139308155673,215.60857681255152,2257.0607818493577,1515,17.19,Mist,0.7108181570885981,21.327778131747664,21.322134654922102
506,21.327778131747664,215.65823832061187,2257.090928436672,1518,17.19,Mist,0.710792279734465,21.348403185497784,21.342767101704553
507,21.348403185497784,215.7078295356282,2257.1210726594704,1521,17.19,Mist,0.710766467952539,21.36901451587532,21.363385804195758
508,21.36901451587532,215.75735070796168,2257.1512145299894,1524,17.19,Mist,0.7107407215190483,21.389612169132153,21.383990808745114
509,21.389612169132153,215.80680208663722,2257.18135406038,1527,17.19,Mist,0.7107150402114084,21.410196191304166,21.404582161485386
510,21.410196191304166,215.85618391935378,2257.2114912627076,1530,17.19,Mist,0.710689423808216,21.430766628212666,21.42515990833414
511,21.430766628212666,215.9054964524912,2257.2416261489534,1533,17.19,Mist,0.7106638720892418,21.45132352546577,21.44572409499512
512,21.45132352546577,215.95473993112398,2257.271758731015,1536,17.19,Mist,0.7106383848354171,21.47186692845979,21.466274766959668
513,21.47186692845979,216.00391459902687,2257.3018890207054,1539,17.19,Mist,0.71061296182883,21.492396882380604,21.486811969508064
514,21.492396882380604,216.0530206986873,2257.332017029757,1542,17.19,Mist,0.7105876028527126,21.512913432205025,21.507335747710915
515,21.512913432205025,216.10205847131016,2257.3621427698195,1545,17.19,Mist,0.7105623076914409,21.53341662270214,21.527846146430512
516,21.53341662270214,216.1510281568324,2257.392266252462,1548,17.19,Mist,0.7105370761305173,21.553906498434664,21.548343210322162
517,21.553906498434664,216.19992999392667,2257.4223874891736,1551,17.19,Mist,0.7105119079565706,21.574383103760248,21.568826983835535
518,21.574383103760248,216.24876422001438,2257.4525064913632,1554,17.19,Mist,0.7104868029573416,21.594846482832807,21.589297511215968
519,21.594846482832807,216.2975310712697,2257.4826232703613,1557,17.19,Mist,0.7104617609216844,21.615296679603833,21.609754836505786
520,21.615296679603833,216.34623078263633,2257.5127378374204,1560,17.19,Mist,0.710436781639544,21.635733737823674,21.630199003545606
521,21.635733737823674,216.39486358782642,2257.5428502037153,1563,17.19,Mist,0.710411864901966,21.65615770104283,21.65063005597561
522,21.65615770104283,216.44342971933787,2257.572960380344,1566,17.19,Mist,0.7103870105010731,21.67656861261322,21.67104803723685
523,21.67656861261322,216.4919294084554,2257.603068378328,1569,17.19,Mist,0.7103622182300708,21.69696651568946,21.69145299057249
524,21.69696651568946,216.54036288526555,2257.633174208614,1572,17.19,Mist,0.7103374878832299,21.717351453230098,21.711844959029083
525,21.717351453230098,216.58873037865965,2257.663277882074,1575,17.19,Mist,0.7103128192558864,21.737723467998865,21.732223985457804
526,21.737723467998865,216.6370321163456,2257.693379409505,1578,17.19,Mist,0.7102882121444294,21.758082602565917,21.7525901125157
527,21.758082602565917,216.68526832485617,2257.723478801631,1581,17.19,Mist,0.7102636663462932,21.778428899309045,21.772943382666917
528,21.778428899309045,216.73343922955337,2257.7535760691026,1584,17.19,Mist,0.7102391816599566,21.798762400414898,21.793283838183907
529,21.798762400414898,216.78154505464067,2257.7836712224994,1587,17.19,Mist,0.71021475788493,21.81908314788018,21.81361152114865
530,21.81908314788018,216.82958602317046,2257.813764272328,1590,17.19,Mist,0.7101903948217462,21.839391183512845,21.83392647345384
531,21.839391183512845,216.87756235704768,2257.843855229025,1593,17.19,Mist,0.7101660922719654,21.85968654893329,21.854228736804078
532,21.85968654893329,216.9254742770455,2257.873944102955,1596,17.19,Mist,0.7101418500381481,21.879969285575516,21.874518352717065
533,21.879969285575516,216.9733220028047,2257.9040309044144,1599,17.19,Mist,0.7101176679238707,21.886726001946446,21.884911311225256
534,21.886726001946446,216.9892537245181,2257.9140592996737,1600,17.19,Mist,0.7101096232731746,11.078212240152254,13.980500176325897
